run,start,end,sample_start,days,weight,synthetic_start
b001,2000-10-11 18:00:00,2000-10-13,2000-10-12,1,0.01946,2000-10-12
b002,2000-12-05 18:00:00,2000-12-07,2000-12-06,1,0.03489,2000-12-06
b003,2001-01-04 18:00:00,2001-01-06,2001-01-05,1,0.01823,2001-01-05
b004,2002-03-14 18:00:00,2002-03-16,2002-03-15,1,0.03379,2002-03-15
b005,2002-05-01 18:00:00,2002-05-03,2002-05-02,1,0.02265,2002-05-02
b006,2002-10-02 18:00:00,2002-10-04,2002-10-03,1,0.01148,2002-10-03
b007,2003-01-15 18:00:00,2003-01-17,2003-01-16,1,0.03797,2003-01-16
b008,2003-07-06 18:00:00,2003-07-08,2003-07-07,1,0.02552,2003-07-07
b009,2005-07-19 18:00:00,2005-07-21,2005-07-20,1,0.01523,2005-07-20
b010,2005-08-22 18:00:00,2005-08-24,2005-08-23,1,0.02093,2005-08-23
b011,2006-07-21 18:00:00,2006-07-23,2006-07-22,1,0.01556,2006-07-22
b012,2007-04-24 18:00:00,2007-04-26,2007-04-25,1,0.02807,2007-04-25
b013,2008-05-20 18:00:00,2008-05-22,2008-05-21,1,0.02597,2008-05-21
b014,2008-10-04 18:00:00,2008-10-06,2008-10-05,1,0.02864,2008-10-05
b015,2008-12-04 18:00:00,2008-12-06,2008-12-05,1,0.02305,2008-12-05
b016,2008-12-20 18:00:00,2008-12-22,2008-12-21,1,0.02652,2008-12-21
b017,2009-04-04 18:00:00,2009-04-06,2009-04-05,1,0.01495,2009-04-05
b018,2010-01-04 18:00:00,2010-01-06,2010-01-05,1,0.01216,2010-01-06
b019,2010-08-30 18:00:00,2010-09-01,2010-08-31,1,0.04043,2010-08-31
b020,2011-04-23 18:00:00,2011-04-25,2011-04-24,1,0.02041,2011-04-24
b021,2011-08-08 18:00:00,2011-08-10,2011-08-09,1,0.01113,2011-08-09
b022,2012-02-23 18:00:00,2012-02-25,2012-02-24,1,0.03486,2012-02-24
b023,2012-05-05 18:00:00,2012-05-07,2012-05-06,1,0.0319,2012-05-06
b024,2012-09-07 18:00:00,2012-09-09,2012-09-08,1,0.00957,2012-09-08
b025,2012-09-15 18:00:00,2012-09-17,2012-09-16,1,0.01674,2012-09-16
b026,2012-10-13 18:00:00,2012-10-15,2012-10-14,1,0.0164,2012-10-14
b027,2014-01-14 18:00:00,2014-01-16,2014-01-15,1,0.01946,2014-01-15
b028,2014-02-03 18:00:00,2014-02-05,2014-02-04,1,0.04222,2014-02-04
b029,2014-11-10 18:00:00,2014-11-12,2014-11-11,1,0.04826,2014-11-11
b030,2017-06-09 18:00:00,2017-06-11,2017-06-10,1,0.0704,2017-06-10
b031,2017-09-15 18:00:00,2017-09-17,2017-09-16,1,0.02077,2017-09-17
b032,2018-07-22 18:00:00,2018-07-24,2018-07-23,1,0.01483,2018-07-23
b033,2018-08-29 18:00:00,2018-08-31,2018-08-30,1,0.012,2018-08-30
b034,2019-07-29 18:00:00,2019-07-31,2019-07-30,1,0.01017,2019-07-30
b035,2019-11-26 18:00:00,2019-11-28,2019-11-27,1,0.03323,2019-11-27
b036,2021-06-07 18:00:00,2021-06-09,2021-06-08,1,0.01125,2021-06-08
b037,2021-09-19 18:00:00,2021-09-21,2021-09-20,1,0.03507,2021-09-20
b038,2023-03-22 18:00:00,2023-03-24,2023-03-23,1,0.05096,2023-03-23
b039,2023-10-17 18:00:00,2023-10-19,2023-10-18,1,0.01098,2023-10-18
b040,2024-04-01 18:00:00,2024-04-03,2024-04-02,1,0.02387,2024-04-02
