start,days,weight
2000-10-12,1,0.01946
2000-12-06,1,0.03489
2001-01-05,1,0.01823
2002-03-15,1,0.03379
2002-05-02,1,0.02265
2002-10-03,1,0.01148
2003-01-16,1,0.03797
2003-07-07,1,0.02552
2005-07-20,1,0.01523
2005-08-23,1,0.02093
2006-07-22,1,0.01556
2007-04-25,1,0.02807
2008-05-21,1,0.02597
2008-10-05,1,0.02864
2008-12-05,1,0.02305
2008-12-21,1,0.02652
2009-04-05,1,0.01495
2010-01-05,1,0.01216
2010-08-31,1,0.04043
2011-04-24,1,0.02041
2011-08-09,1,0.01113
2012-02-24,1,0.03486
2012-05-06,1,0.0319
2012-09-08,1,0.00957
2012-09-16,1,0.01674
2012-10-14,1,0.0164
2014-01-15,1,0.01946
2014-02-04,1,0.04222
2014-11-11,1,0.04826
2017-06-10,1,0.0704
2017-09-16,1,0.02077
2018-07-23,1,0.01483
2018-08-30,1,0.012
2019-07-30,1,0.01017
2019-11-27,1,0.03323
2021-06-08,1,0.01125
2021-09-20,1,0.03507
2023-03-23,1,0.05096
2023-10-18,1,0.01098
2024-04-02,1,0.02387
